"ID produktu (EAN/UPC/ISBN/ISSN/ID produktu Allegro)","Kategoria główna",Podkategoria,"Sygnatura/SKU Sprzedającego","Liczba sztuk",Cena,"Tytuł oferty",Zdjęcia,"Opis oferty","Cennik dostawy","Czas wysyłki",Kraj,Województwo,"Kod pocztowy",Miejscowość,"Opcje faktury","Przedmiot oferty","Stawka VAT (PL)","Podstawa wyłączenia z VAT","Warunki zwrotów","Warunki reklamacji","Informacje o gwarancjach (opcjonalne)",Stan,"Waga (z opakowaniem) [kg]","Wersja systemu operacyjnego","Blokada simlock","Kod producenta",Typ,kolor,"Przekątna ekranu","Wbudowana pamięć","Pamięć RAM","System operacyjny","Pojemność akumulatora [mAh]",Komunikacja,"Opcje SIM",Marka,"Materiał zewnętrzny",Model,"Cechy dodatkowe",Zapięcie,Rozmiar,"Długość wkładki [cm]","Oryginalne opakowanie producenta","Wzór dominujący","Materiał wkładki","Rodzaj Kolor dominujący",Nosek,Wysokość,"obcasa/platformy [cm]","Wysokość, Ocieplenie","Liczba bolców","Rodzaj obcasa",Fason,Okazja,"Wysokość cholewki","Rodzaj włosia",Materiał
6972453166494,Elektronika,"Elektronika > Huawei > Smartwatche > Smartwatche i akcesoria > Telefony i Akcesoria",huwa-56846512,150,79.99,"""Huawei Watch GT 2 Pro Titanium 47mm""",http://localhost/ecomfeed/wp-content/uploads/2023/08/image-1-17.png|http://localhost/ecomfeed/wp-content/uploads/2023/08/image-2-18.png|http://localhost/ecomfeed/wp-content/uploads/2023/08/image-3-16.png,"""<h2><strong>Huawei Watch GT 2 Pro Titanium 47mm</strong></h2>
<p><strong>Huawei Watch GT 2 Pro</strong> to szczytowa propozycja wśród inteligentnych zegarków, zaprojektowana z myślą o użytkownikach ceniących sobie połączenie elegancji i najnowszych technologii. Wykonany z najwyższej klasy tytanu, zegarek wyróżnia się nie tylko wytrzymałością, ale i niepowtarzalnym wyglądem. Posiada 1,39-calowy ekran AMOLED, który zapewnia żywe kolory i wyrazistość obrazu niezależnie od warunków oświetleniowych.</p>
<p>Cechą wyróżniającą <strong>Huawei Watch GT 2 Pro</strong> jest zaawansowany system monitorowania zdrowia. Zegarek oferuje dokładne śledzenie tętna dzięki technologii TruSeen 4.0+, monitorowanie jakości snu oraz pomiar poziomu saturacji tlenu we krwi. Wsparcie dla ponad 100 trybów treningowych, w tym dedykowanych dla sportów takich jak bieganie, pływanie czy jazda na rowerze, sprawia, że jest to idealne narzędzie dla pasjonatów różnorodnych aktywności fizycznych.</p>
<p>Dodatkowo, <strong>Huawei Watch GT 2 Pro</strong> wyposażony jest w system nawigacji GPS, co umożliwia precyzyjne śledzenie trasy podczas treningów na świeżym powietrzu. Długi czas pracy baterii, nawet do 2 tygodni przy normalnym użytkowaniu, sprawia, że zegarek jest niezwykle praktyczny i nie wymaga częstego ładowania. Jego wszechstronność jest dodatkowo podkreślona przez funkcje takie jak powiadomienia o połączeniach telefonicznych, wiadomościach czy kalendarzu, co czyni go doskonałym uzupełnieniem dla smartfona.</p>
<p>Podsumowując, <strong>Huawei Watch GT 2 Pro Titanium 47mm</strong> jest doskonałym wyborem dla osób, które poszukują smartwatcha łączącego w sobie zaawansowane funkcje zdrowotne i sportowe, długotrwałą baterię oraz elegancki design, idealny zarówno do codziennego użytku, jak i podczas aktywności fizycznych.</p>
""",,"Shipping within 3 days",Polska,Wielkopolskie,60-001,Poznań,"faktura VAT",towar,23%,,,,,Nowy,"0.37 kg",,,,,czarny,,,,Android,,"Bluetooth, Wi-Fi",,Huawei,,"GT 2 Pro",,,,,,,,,,,,,,,,,,,
190199710313,Elektronika,"Elektronika > Głośniki przenośne > RTV i AGD > Sprzęt audio przenośny",homPo-344565464,80,249.99,"""HomePod mini - Space Gray""",http://localhost/ecomfeed/wp-content/uploads/2023/08/image-1-16.png|http://localhost/ecomfeed/wp-content/uploads/2023/08/image-2-17.png|http://localhost/ecomfeed/wp-content/uploads/2023/08/image-3-15.png|http://localhost/ecomfeed/wp-content/uploads/2023/08/image-4-8.png,"""<h2><strong>HomePod mini - Space Gray</strong></h2>
<p><strong>HomePod mini</strong> w kolorze Space Gray to kompaktowy i stylowy inteligentny głośnik zaprojektowany przez Apple. Oferuje wyjątkową jakość dźwięku jak na swoje rozmiary, dzięki innowacyjnej technologii audio firmy Apple. Ten mały głośnik jest napędzany przez chip S5, umożliwiając obliczeniową obróbkę dźwięku, która optymalizuje brzmienie w czasie rzeczywistym, zapewniając bogate i szczegółowe doznania akustyczne.</p>
<p>Dzięki bezproblemowej integracji z ekosystemem Apple, HomePod mini doskonale współpracuje z urządzeniami tej marki. Obsługuje Siri, co pozwala użytkownikom na kontrolowanie go za pomocą poleceń głosowych dla wygody. Użytkownicy mogą wysyłać wiadomości, ustawiać przypomnienia lub zasięgać różnych informacji bez konieczności używania rąk. HomePod mini pełni również funkcję centrum inteligentnego domu, dając kontrolę nad kompatybilnymi akcesoriami.</p>
<p>Jego elegancki design w kolorze Space Gray czyni HomePod mini wyrafinowanym dodatkiem do każdego pomieszczenia. Powierzchnia dotykowa na górze zapewnia łatwą kontrolę, z podświetlanymi ikonami głośności i animowanym wskaźnikiem Siri. Co więcej, HomePod mini zapewnia prywatność i bezpieczeństwo, przetwarzając wszystkie żądania Siri bezpośrednio na urządzeniu, bez rejestrowania czy zapisywania ich.</p>
<p>Podsumowując, <strong>HomePod mini - Space Gray</strong> to doskonały wybór dla użytkowników Apple, którzy szukają wysokiej jakości audio, inteligentnych funkcji i eleganckiego designu w kompaktowym inteligentnym głośniku.</p>
""",,"Shipping within 3 days",Polska,Wielkopolskie,60-001,Poznań,"faktura VAT",towar,23%,,,,,Nowy,,,,,,,,,,,,,,,,,,,,,,,,,,,,,,,,,,,
0627988303154,"Dom i Ogród","Dom i Ogród > Elektronika > Inteligentny dom > Wyposażenie",EcoB-45657765,120,130,"""ecobee 3 Lite Smart Thermostat 2.0, No Hub Required""",http://localhost/ecomfeed/wp-content/uploads/2023/08/image-1-14.png|http://localhost/ecomfeed/wp-content/uploads/2023/08/image-1-14.png|http://localhost/ecomfeed/wp-content/uploads/2023/08/image-2-15.png|http://localhost/ecomfeed/wp-content/uploads/2023/08/image-3-13.png,"""<h2>Ecobee 3 Lite Smart Thermostat 2.0</h2>
<p><strong>Ecobee 3 Lite Smart Thermostat 2.0</strong> to nowoczesny, inteligentny termostat, który oferuje wyjątkową wygodę i efektywność energetyczną. Urządzenie umożliwia zdalne sterowanie temperaturą w domu za pomocą aplikacji mobilnej, co zapewnia komfort podczas pobytu w domu i oszczędności energii podczas nieobecności. Jego intuicyjny interfejs użytkownika i elegancki design sprawiają, że doskonale wpasowuje się w każde nowoczesne wnętrze.</p>
<p>Ecobee 3 Lite jest kompatybilny z większością systemów HVAC i łatwo integruje się z różnymi systemami inteligentnego domu, co czyni go wszechstronnym rozwiązaniem dla miłośników domów inteligentnych. Termostat uczy się i dostosowuje do harmonogramu oraz preferencji użytkownika, co pozwala na optymalizację zużycia energii i zwiększenie komfortu życia. Dodatkowo, Ecobee 3 Lite oferuje funkcje takie jak śledzenie jakości powietrza wewnątrz pomieszczeń, dostarczając cenne informacje, które pomagają utrzymać zdrowe środowisko w domu.</p>
<p>Urządzenie posiada również zaawansowane algorytmy, które analizują warunki pogodowe i dostosowują ogrzewanie lub chłodzenie, aby zapewnić optymalną temperaturę przy jednoczesnym minimalizowaniu kosztów. Możliwość integracji z asystentami głosowymi, takimi jak Amazon Alexa czy Google Assistant, zapewnia dodatkową wygodę użytkowania. <strong>Ecobee 3 Lite Smart Thermostat 2.0</strong> stanowi idealne rozwiązanie dla osób poszukujących inteligentnej kontroli klimatu w domu, łącząc nowoczesną technologię z oszczędnościami i ekologicznym podejściem.</p>
""",,"Shipping within 3 days",Polska,Wielkopolskie,60-001,Poznań,"faktura VAT",towar,23%,,,,,Nowy,,,,,,,,,,,,,,,,,,,,,,,,,,,,,,,,,,,
8714574671666,"Aparaty cyfrowe","Aparaty cyfrowe > Bezlusterkowce > Elektronika > Fotografia",I5U2E1W3C7,90,4800,"""Aparat fotograficzny Canon EOS R10""",http://localhost/ecomfeed/wp-content/uploads/2023/08/image-1-13.png|http://localhost/ecomfeed/wp-content/uploads/2023/08/image-2-14.png|http://localhost/ecomfeed/wp-content/uploads/2023/08/image-3-12.png|http://localhost/ecomfeed/wp-content/uploads/2023/08/image-4-7.png,"""<h2>Nowa Era Fotografii z Canon EOS R10</h2>
<p><strong>Aparat fotograficzny Canon EOS R10</strong> otwiera nowe możliwości dla entuzjastów fotografii. Wyposażony w zaawansowaną technologię, umożliwia tworzenie zdjęć i filmów wysokiej jakości.</p>
<h2>Zaawansowana Technologia Obrazowania</h2>
<p>Dzięki wykorzystaniu najnowszej matrycy CMOS i procesora obrazu, EOS R10 oferuje wyjątkową jakość obrazu, nawet w słabym świetle. Szybki autofokus i śledzenie obiektów w czasie rzeczywistym zapewniają, że każdy kadr będzie doskonale uchwycony.</p>
<h2>Wygoda i Ergonomia</h2>
<p>Canon EOS R10 charakteryzuje się lekką i ergonomiczną konstrukcją, co sprawia, że jest idealny dla fotografów w ruchu. Intuicyjny interfejs użytkownika i dostosowalne przyciski pozwalają na szybką i łatwą obsługę aparatu.</p>
<p>Wyposażony w obrotowy ekran dotykowy, aparat zapewnia wygodę podczas fotografowania z różnych kątów, a także ułatwia nawigację po menu i wybieranie ustawień.</p>
<h2>Łączność i Udostępnianie</h2>
<p>EOS R10 oferuje zaawansowane opcje łączności, w tym Wi-Fi i Bluetooth, umożliwiając łatwe udostępnianie zdjęć i filmów oraz zdalne sterowanie aparatem. Jest to idealne rozwiązanie dla osób, które chcą szybko dzielić się swoją twórczością z innymi.</p>
<h2>Wszechstronność i Trwałość</h2>
<p>Z Canon EOS R10, możesz eksplorować różnorodne gatunki fotografii - od portretów po krajobrazy i fotografię uliczną. Jego wytrzymała konstrukcja zapewnia długotrwałe użytkowanie, nawet w trudnych warunkach.</p>
<p>W zestawie z aparatem znajdują się różnorodne akcesoria, które dają możliwość pełnego wykorzystania jego potencjału - od obiektywów po dodatkowe akumulatory i karty pamięci.</p>
""",,"Shipping within 3 days",Polska,Wielkopolskie,60-001,Poznań,"faktura VAT",towar,23%,,,,,Nowy,,,,,,,,,,,,,,,,,,,,,,,,,,,,,,,,,,,
194252244968,Elektronika,"Elektronika > Słuchawki",AIR-6523422,75,2200,"""Słuchawki nauszne APPLE Airpods Max ANC""",http://localhost/ecomfeed/wp-content/uploads/2023/08/image-1-1-1.png|http://localhost/ecomfeed/wp-content/uploads/2023/08/image-2-1-1.png|http://localhost/ecomfeed/wp-content/uploads/2023/08/image-3-1-1.png,"""<h2>Nowa Generacja Dźwięku z Apple Airpods Max ANC</h2>
<p>Odkryj niezrównane doświadczenie słuchania z <strong>Apple Airpods Max ANC</strong> – słuchawkami nauszne, które definiują nowy standard wśród urządzeń audio. Te innowacyjne słuchawki łączą w sobie zaawansowaną technologię, wyjątkowy design i najwyższą jakość dźwięku.</p>
<h2>Zaawansowana Technologia Aktywnej Redukcji Szumów (ANC)</h2>
<p>Airpods Max wyposażone są w zaawansowaną technologię aktywnej redukcji szumów (ANC), która pozwala zatopić się w muzyce, eliminując zewnętrzne dźwięki. Możesz cieszyć się czystym, niezakłóconym dźwiękiem, niezależnie od otoczenia.</p>
<h2>Wyjątkowy Komfort i Ergonomia</h2>
<p>Słuchawki zaprojektowano z myślą o komforcie nawet podczas długotrwałego użytkowania. Miękkie, nauszne pady dobrze przylegają, nie wywołując ucisku, a regulowany pałąk gwarantuje idealne dopasowanie do kształtu głowy.</p>
<h2>Niesamowita Jakość Dźwięku</h2>
<p>Dzięki specjalnie zaprojektowanym przetwornikom, Airpods Max oferują głębokie basy, precyzyjne średnie tony i krystalicznie czyste wysokie tony. Każdy dźwięk jest wiernie odtwarzany, oferując wrażenia jak na koncercie na żywo.</p>
<h2>Łatwość Połączenia i Inteligentne Funkcje</h2>
<p>Słuchawki łatwo sparujesz ze swoim urządzeniem Apple dzięki technologii H1 chip, a inteligentne funkcje jak kontrola przestrzenna i automatyczne wykrywanie uszu sprawią, że każde doświadczenie audio będzie jeszcze bardziej niezwykłe.</p>
<h2>Wytrzymała Bateria i Elegancki Design</h2>
<p>Airpods Max mają nie tylko elegancki design, ale również wytrzymałą baterię, która zapewnia wiele godzin słuchania muzyki bez konieczności ładowania. Ich trwała konstrukcja gwarantuje długie lata użytkowania.</p>
<p>Te słuchawki to idealne połączenie stylu, komfortu i najwyższej jakości dźwięku, dedykowane dla najbardziej wymagających użytkowników.</p>
""",,"Shipping within 3 days",Polska,Wielkopolskie,60-001,Poznań,"faktura VAT",towar,23%,,,,,Nowy,,,,,,,,,,,,,,,,,,,,,,,,,,,,,,,,,,,
